Order_ID,Scheduled_Days,Distance_km,Weight_kg,Recommended_Mode,Predicted_Days,Estimated_Cost,SLA_Met
W3-00236,6,2.65,7.58,standard,5.677508420927365,148.0,True
W3-00061,6,29.51,12.63,same_day,6.140117887747612,305.7875,False
W3-01131,2,39.23,7.32,same_day,2.9702836722456283,308.7625,False
W3-00391,1,68.6,3.69,same_day,1.2871228433402346,363.47499999999997,False
W3-00319,1,44.18,12.93,same_day,1.2773232323232326,367.01250000000005,False
W3-00889,3,10.46,16.71,same_day,3.453141726627679,276.07500000000005,False
W3-00105,5,24.66,15.39,same_day,5.3272696061039,244.0875,False
W3-00603,5,38.64,5.29,same_day,5.801464479833713,274.1875,False
W3-01189,1,49.89,4.26,same_day,1.4461104886399,336.7125,False
W3-00563,1,30.81,9.71,same_day,0.9922988845810753,206.11249999999998,True
W3-00366,7,12.71,8.57,same_day,6.754949672948818,132.65,True
W3-00996,3,12.59,10.91,same_day,3.7827779348051274,150.5875,False
